centroid_latitude,centroid_longitude
-33.91728051899133,18.642285211212553
